{
  "version": "5",
  "dialect": "mysql",
  "id": "d8a71b85-54d9-4bdd-bae4-8c806a797531",
  "prevId": "00000000-0000-0000-0000-000000000000",
  "tables": {
    "apikeys": {
      "name": "apikeys",
      "columns": {
        "id": {
          "name": "id",
          "type": "serial",
          "primaryKey": true,
          "notNull": true,
          "autoincrement": true
        },
        "apikey": {
          "name": "apikey",
          "type": "varchar(256)",
          "primaryKey": false,
          "notNull": false,
          "autoincrement": false
        }
      },
      "indexes": {
        "apikey_idx": {
          "name": "apikey_idx",
          "columns": [
            "apikey"
          ],
          "isUnique": true
        }
      },
      "foreignKeys": {},
      "compositePrimaryKeys": {},
      "uniqueConstraints": {}
    },
    "servers": {
      "name": "servers",
      "columns": {
        "id": {
          "name": "id",
          "type": "serial",
          "primaryKey": true,
          "notNull": true,
          "autoincrement": true
        },
        "region": {
          "name": "region",
          "type": "varchar(256)",
          "primaryKey": false,
          "notNull": false,
          "autoincrement": false
        },
        "playlist": {
          "name": "playlist",
          "type": "varchar(256)",
          "primaryKey": false,
          "notNull": false,
          "autoincrement": false
        },
        "status": {
          "name": "status",
          "type": "varchar(256)",
          "primaryKey": false,
          "notNull": false,
          "autoincrement": false
        },
        "maxplayers": {
          "name": "maxplayers",
          "type": "int",
          "primaryKey": false,
          "notNull": false,
          "autoincrement": false
        },
        "players": {
          "name": "players",
          "type": "int",
          "primaryKey": false,
          "notNull": false,
          "autoincrement": false
        },
        "seasonint": {
          "name": "seasonint",
          "type": "int",
          "primaryKey": false,
          "notNull": false,
          "autoincrement": false
        },
        "customkey": {
          "name": "customkey",
          "type": "varchar(256)",
          "primaryKey": false,
          "notNull": false,
          "autoincrement": false
        },
        "ip": {
          "name": "ip",
          "type": "varchar(256)",
          "primaryKey": false,
          "notNull": false,
          "autoincrement": false
        },
        "port": {
          "name": "port",
          "type": "int",
          "primaryKey": false,
          "notNull": false,
          "autoincrement": false
        }
      },
      "indexes": {
        "playlist_idx": {
          "name": "playlist_idx",
          "columns": [
            "playlist"
          ],
          "isUnique": false
        },
        "region_idx": {
          "name": "region_idx",
          "columns": [
            "region"
          ],
          "isUnique": false
        },
        "customkey_idx": {
          "name": "customkey_idx",
          "columns": [
            "customkey"
          ],
          "isUnique": false
        },
        "ip_idx": {
          "name": "ip_idx",
          "columns": [
            "ip"
          ],
          "isUnique": false
        },
        "port_idx": {
          "name": "port_idx",
          "columns": [
            "port"
          ],
          "isUnique": false
        }
      },
      "foreignKeys": {},
      "compositePrimaryKeys": {},
      "uniqueConstraints": {
        "servers_id_unique": {
          "name": "servers_id_unique",
          "columns": [
            "id"
          ]
        }
      }
    }
  },
  "schemas": {},
  "_meta": {
    "schemas": {},
    "tables": {},
    "columns": {}
  }
}